{"support price": 0,"laptop general": 1,"support general": 2,"shipping general": 3,"multimedia_devices general": 4,"laptop quality": 5,"ports quality": 6,"hardware general": 7,"laptop design_features": 8,"laptop operation_performance": 9,"display operation_performance": 10,"laptop price": 11,"keyboard quality": 12,"keyboard operation_performance": 13,"power_supply quality": 14,"power_supply general": 15,"battery quality": 16,"power_supply operation_performance": 17,"display design_features": 18,"laptop portability": 19,"hardware operation_performance": 20,"software general": 21,"os quality": 22,"hardware quality": 23,"display general": 24,"fans&cooling general": 25,"fans&cooling quality": 26,"keyboard general": 27,"os operation_performance": 28,"cpu price": 29,"keyboard price": 30,"battery general": 31,"battery operation_performance": 32,"out_of_scope general": 33,"multimedia_devices operation_performance": 34,"ports operation_performance": 35,"laptop connectivity": 36,"cpu general": 37,"os general": 38,"memory general": 39,"display quality": 40,"company general": 41,"cpu operation_performance": 42,"software operation_performance": 43,"ports connectivity": 44,"keyboard design_features": 45,"keyboard usability": 46,"warranty general": 47,"graphics operation_performance": 48,"memory operation_performance": 49,"laptop usability": 50,"power_supply design_features": 51,"display price": 52,"fans&cooling operation_performance": 53,"ports general": 54,"optical_drives general": 55,"hardware usability": 56,"multimedia_devices quality": 57,"optical_drives operation_performance": 58,"hardware design_features": 59,"hardware price": 60,"shipping price": 61,"battery design_features": 62,"hard_disc operation_performance": 63,"hard_disc design_features": 64,"hard_disc general": 65,"software usability": 66,"memory design_features": 67,"os usability": 68,"shipping quality": 69,"shipping operation_performance": 70,"support quality": 71,"memory quality": 72,"memory usability": 73,"hard_disc usability": 74,"display usability": 75,"optical_drives usability": 76,"company design_features": 77,"support operation_performance": 78,"hard_disc price": 79,"laptop miscellaneous": 80,"graphics general": 81,"software design_features": 82,"company operation_performance": 83,"company quality": 84,"warranty quality": 85,"os miscellaneous": 86,"os design_features": 87,"mouse general": 88,"software price": 89,"multimedia_devices design_features": 90,"ports design_features": 91,"multimedia_devices price": 92,"ports usability": 93,"company price": 94,"software quality": 95,"software portability": 96,"motherboard quality": 97,"cpu quality": 98,"motherboard operation_performance": 99,"multimedia_devices usability": 100,"hard_disc quality": 101,"fans&cooling design_features": 102,"optical_drives design_features": 103,"graphics design_features": 104,"ports portability": 105,"out_of_scope operation_performance": 106,"power_supply connectivity": 107,"graphics usability": 108,"cpu design_features": 109,"multimedia_devices connectivity": 110,"support design_features": 111,"keyboard portability": 112,"out_of_scope usability": 113,"motherboard general": 114,"keyboard miscellaneous": 115,"mouse usability": 116,"out_of_scope design_features": 117,"os price": 118,"hard_disc miscellaneous": 119,"mouse design_features": 120}